사고번호,사고일시,요일,시군구,사고내용,사망자수,중상자수,경상자수,부상신고자수,사고유형,법규위반,노면상태,기상상태,도로형태,가해운전자 차종,가해운전자 성별,가해운전자 연령,가해운전자 상해정도,피해운전자 차종,피해운전자 성별,피해운전자 연령,피해운전자 상해정도
2018010300100019,2018년 1월 3일 02시,수요일,강원도 횡성군 공근면,중상사고,0,1,0,0,차량단독 - 공작물충돌,안전운전불이행,건조,맑음,단일로 - 기타,승용,남,37세,중상,,,,
2018010300100425,2018년 1월 3일 20시,수요일,강원도 원주시 판부면,경상사고,0,0,1,0,차대차 - 추돌,안전운전불이행,건조,맑음,단일로 - 기타,화물,남,54세,상해없음,승용,남,51세,경상
2018010500100516,2018년 1월 5일 22시,금요일,경상북도 안동시 풍산읍,중상사고,0,1,0,0,차대차 - 측면충돌,안전운전불이행,건조,맑음,단일로 - 기타,승용,여,44세,상해없음,승용,남,47세,중상
2018010800100225,2018년 1월 8일 12시,월요일,경상남도 김해시 대동면,중상사고,0,1,0,0,차대차 - 측면충돌,안전거리미확보,건조,맑음,단일로 - 기타,승용,남,51세,상해없음,화물,남,40세,중상
2018011300100125,2018년 1월 13일 06시,토요일,경상북도 안동시 남후면,중상사고,0,2,2,0,차대차 - 정면충돌,기타,젖음/습기,흐림,단일로 - 기타,승용,남,40세,상해없음,화물,남,59세,중상
2018011300100548,2018년 1월 13일 23시,토요일,부산광역시 강서구 대저1동,중상사고,0,1,2,0,차대차 - 측면충돌,안전운전불이행,건조,맑음,단일로 - 고가도로위,승용,남,44세,경상,승용,남,43세,상해없음
2018011900100080,2018년 1월 19일 06시,금요일,강원도 원주시 지정면,중상사고,0,1,4,0,차대차 - 추돌,안전운전불이행,건조,맑음,단일로 - 기타,승용,남,24세,경상,승용,남,62세,경상
2018012200100256,2018년 1월 22일 14시,월요일,부산광역시 강서구 대저1동,중상사고,0,4,3,0,차대차 - 추돌,안전운전불이행,젖음/습기,흐림,기타 - 기타,승용,남,43세,상해없음,승용,여,41세,중상
2018012300100099,2018년 1월 23일 08시,화요일,경상북도 예천군 보문면,중상사고,0,1,0,0,차대차 - 추돌,안전거리미확보,건조,맑음,단일로 - 기타,화물,남,47세,상해없음,승용,남,34세,중상
2018012500100004,2018년 1월 25일 00시,목요일,충청북도 단양군 대강면,중상사고,0,1,1,0,차대차 - 추돌,안전거리미확보,건조,맑음,단일로 - 터널,화물,남,56세,중상,건설기계,남,44세,상해없음
2018012600100427,2018년 1월 26일 18시,금요일,강원도 횡성군 공근면,경상사고,0,0,2,0,차대차 - 추돌,안전운전불이행,서리/결빙,맑음,단일로 - 기타,승용,남,26세,상해없음,승용,남,21세,경상
2018012900100021,2018년 1월 29일 01시,월요일,경상북도 안동시 일직면,경상사고,0,0,1,0,차대차 - 추돌,안전운전불이행,건조,맑음,단일로 - 기타,승용,남,31세,상해없음,특수,남,49세,경상
2018012900100135,2018년 1월 29일 09시,월요일,경상북도 칠곡군 가산면,경상사고,0,0,1,0,차대차 - 기타,안전운전불이행,건조,맑음,단일로 - 교량,승용,남,43세,상해없음,승용,남,56세,경상
2018020500100448,2018년 2월 5일 17시,월요일,충청북도 제천시 봉양읍,중상사고,0,2,1,0,차량단독 - 공작물충돌,안전운전불이행,건조,맑음,단일로 - 기타,화물,남,25세,경상,,,,
2018021100100452,2018년 2월 11일 22시,일요일,경상북도 의성군 안평면,중상사고,0,2,0,0,차대차 - 추돌,안전운전불이행,적설,눈,기타 - 기타,승용,남,31세,상해없음,승용,남,58세,중상
2018021400100731,2018년 2월 14일 23시,수요일,경상남도 김해시 대동면,중상사고,0,1,0,0,차대차 - 추돌,안전운전불이행,건조,맑음,단일로 - 기타,승용,남,27세,상해없음,승용,남,49세,중상
2018021900100006,2018년 2월 19일 00시,월요일,대구광역시 북구 읍내동,사망사고,1,2,3,0,차대차 - 기타,중앙선침범,건조,맑음,단일로 - 기타,승용,남,82세,사망,승용,여,33세,중상
2018022800100699,2018년 2월 28일 22시,수요일,충청북도 단양군 대강면,중상사고,0,3,1,0,차대차 - 추돌,안전운전불이행,적설,눈,단일로 - 기타,화물,남,53세,상해없음,승용,남,45세,상해없음
2018030900100047,2018년 3월 9일 05시,금요일,강원도 횡성군 횡성읍,중상사고,0,1,0,0,차대차 - 추돌,안전거리미확보,건조,맑음,단일로 - 기타,승용,남,39세,중상,화물,남,51세,상해없음
2018031500100117,2018년 3월 15일 08시,목요일,부산광역시 강서구 대저2동,중상사고,0,1,0,0,차대차 - 추돌,안전운전불이행,젖음/습기,비,단일로 - 기타,화물,남,51세,상해없음,승용,여,39세,중상
2018032500100118,2018년 3월 25일 11시,일요일,경상남도 김해시 대동면,중상사고,0,4,1,0,차대차 - 측면충돌,안전거리미확보,건조,맑음,단일로 - 기타,승용,남,53세,상해없음,승용,남,70세,중상
2018032600100308,2018년 3월 26일 15시,월요일,경상북도 영주시 장수면,중상사고,0,1,0,0,차대차 - 추돌,안전운전불이행,건조,맑음,단일로 - 기타,승용,남,46세,중상,화물,남,58세,상해없음
2018032600100401,2018년 3월 26일 17시,월요일,경상북도 칠곡군 가산면,중상사고,0,1,0,0,차대차 - 추돌,안전운전불이행,건조,맑음,단일로 - 기타,특수,남,42세,상해없음,승용,여,48세,중상
2018032900100554,2018년 3월 29일 21시,목요일,충청북도 단양군 단성면,중상사고,0,1,0,0,차대차 - 추돌,안전운전불이행,건조,맑음,단일로 - 기타,승용,남,43세,중상,화물,남,59세,상해없음
2018033000100387,2018년 3월 30일 16시,금요일,경상북도 안동시 일직면,경상사고,0,0,3,0,차대차 - 측면충돌,안전거리미확보,건조,맑음,단일로 - 기타,화물,남,55세,상해없음,승용,남,46세,경상
2018033000100431,2018년 3월 30일 17시,금요일,경상북도 칠곡군 가산면,경상사고,0,0,2,0,차대차 - 추돌,안전거리미확보,건조,맑음,단일로 - 기타,승용,남,33세,상해없음,승용,여,44세,상해없음
2018041100100011,2018년 4월 11일 00시,수요일,강원도 원주시 신림면,경상사고,0,0,1,0,차대차 - 추돌,안전운전불이행,젖음/습기,비,단일로 - 기타,화물,남,66세,상해없음,화물,남,36세,경상
2018041300100504,2018년 4월 13일 19시,금요일,경상북도 칠곡군 가산면,중상사고,0,2,6,0,차대차 - 추돌,안전운전불이행,건조,맑음,단일로 - 기타,승용,남,25세,상해없음,승합,남,49세,중상
2018041400100428,2018년 4월 14일 17시,토요일,강원도 춘천시 동산면,경상사고,0,0,2,0,차대차 - 추돌,안전거리미확보,건조,맑음,단일로 - 기타,승용,남,77세,상해없음,승용,여,60세,경상
2018041700100027,2018년 4월 17일 02시,화요일,충청북도 제천시 봉양읍,중상사고,0,1,0,0,차대차 - 측면충돌,안전거리미확보,건조,맑음,단일로 - 기타,특수,남,42세,상해없음,승용,남,36세,중상
2018042000100039,2018년 4월 20일 03시,금요일,경상남도 김해시 대동면,부상신고사고,0,0,0,2,차대차 - 추돌,안전운전불이행,건조,맑음,단일로 - 기타,승용,남,31세,상해없음,승용,남,31세,부상신고
2018042300100549,2018년 4월 23일 21시,월요일,강원도 원주시 신림면,중상사고,0,1,0,0,차대차 - 추돌,안전운전불이행,젖음/습기,비,단일로 - 기타,승합,남,40세,상해없음,승용,남,45세,중상
2018043000100297,2018년 4월 30일 13시,월요일,경상북도 칠곡군 동명면,경상사고,0,0,1,0,차대차 - 기타,안전운전불이행,건조,맑음,기타 - 기타,화물,남,57세,상해없음,승용,남,51세,경상
2018050100100400,2018년 5월 1일 18시,화요일,강원도 춘천시 동내면,경상사고,0,0,1,0,차대차 - 추돌,안전운전불이행,건조,맑음,기타 - 기타,승용,여,42세,상해없음,승용,여,54세,경상
2018050500100405,2018년 5월 5일 16시,토요일,충청북도 단양군 대강면,경상사고,0,0,1,0,차대차 - 측면충돌,안전운전불이행,건조,맑음,단일로 - 기타,승용,남,46세,상해없음,승용,남,37세,경상
2018050600100241,2018년 5월 6일 14시,일요일,경상남도 김해시 대동면,경상사고,0,0,5,0,차대차 - 추돌,안전거리미확보,젖음/습기,비,단일로 - 기타,승용,남,48세,상해없음,승용,남,68세,경상
2018050700100193,2018년 5월 7일 12시,월요일,충청북도 제천시 금성면,경상사고,0,0,1,1,차대차 - 추돌,안전거리미확보,건조,맑음,기타 - 기타,승용,남,27세,상해없음,승용,여,43세,경상
2018050900100069,2018년 5월 9일 07시,수요일,대구광역시 동구 용계동,경상사고,0,0,1,0,차대차 - 추돌,안전운전불이행,건조,맑음,단일로 - 기타,승용,남,35세,상해없음,승용,여,36세,경상
2018051300100446,2018년 5월 13일 20시,일요일,충청북도 제천시 봉양읍,경상사고,0,0,2,0,차대차 - 추돌,기타,건조,맑음,단일로 - 기타,승용,여,25세,경상,승용,남,22세,상해없음
2018051600100324,2018년 5월 16일 17시,수요일,경상남도 김해시 대동면,경상사고,0,0,2,0,차대차 - 추돌,안전운전불이행,젖음/습기,비,단일로 - 기타,승용,남,29세,상해없음,승용,남,42세,경상
2018051900100701,2018년 5월 19일 22시,토요일,경상북도 영주시 장수면,경상사고,0,0,1,0,차대차 - 기타,안전운전불이행,건조,맑음,단일로 - 기타,화물,남,57세,상해없음,승용,남,51세,상해없음
2018052000100101,2018년 5월 20일 07시,일요일,강원도 횡성군 공근면,경상사고,0,0,2,0,차대차 - 추돌,안전운전불이행,건조,맑음,기타 - 기타,승용,남,37세,상해없음,승용,남,59세,경상
2018052500100198,2018년 5월 25일 10시,금요일,경상남도 김해시 대동면,중상사고,0,2,2,0,차대차 - 추돌,안전운전불이행,건조,맑음,단일로 - 기타,화물,남,54세,상해없음,화물,남,34세,중상
2018060200100400,2018년 6월 2일 15시,토요일,충청북도 제천시 봉양읍,경상사고,0,0,2,2,차대차 - 측면충돌,안전운전불이행,건조,맑음,단일로 - 기타,승용,남,72세,상해없음,화물,남,27세,상해없음
2018060300100351,2018년 6월 3일 17시,일요일,경상북도 칠곡군 동명면,중상사고,0,1,7,0,차대차 - 기타,안전운전불이행,건조,맑음,단일로 - 기타,승용,여,53세,경상,승용,여,64세,상해없음
2018060500100551,2018년 6월 5일 19시,화요일,경상북도 의성군 안평면,경상사고,0,0,1,0,차량단독 - 공작물충돌,안전운전불이행,건조,맑음,단일로 - 기타,승용,남,19세,상해없음,,,,
2018060800100482,2018년 6월 8일 17시,금요일,대구광역시 북구 금호동,중상사고,0,2,7,0,차대차 - 추돌,안전운전불이행,건조,맑음,단일로 - 기타,승용,여,68세,상해없음,승용,여,33세,중상
2018060800100535,2018년 6월 8일 18시,금요일,경상북도 칠곡군 동명면,경상사고,0,0,3,1,차대차 - 추돌,안전운전불이행,건조,맑음,단일로 - 터널,승용,여,29세,경상,화물,남,27세,상해없음
2018060900100353,2018년 6월 9일 15시,토요일,충청북도 제천시 봉양읍,중상사고,0,1,0,0,차대차 - 기타,안전운전불이행,건조,맑음,단일로 - 기타,기타불명,기타불명,기타불명,기타불명,승용,남,49세,중상
2018061100100043,2018년 6월 11일 05시,월요일,대구광역시 동구 율하동,사망사고,1,2,1,0,차량단독 - 공작물충돌,안전운전불이행,젖음/습기,비,단일로 - 기타,승합,남,23세,상해없음,,,,
2018062200100554,2018년 6월 22일 18시,금요일,강원도 춘천시 동내면,중상사고,0,2,3,2,차대차 - 추돌,안전거리미확보,건조,맑음,기타 - 기타,승합,남,49세,상해없음,승용,남,25세,중상
2018062700100228,2018년 6월 27일 13시,수요일,경상남도 김해시 대동면,중상사고,0,1,0,0,차대차 - 추돌,안전거리미확보,건조,맑음,단일로 - 기타,건설기계,남,50세,상해없음,화물,남,64세,중상
2018070100100112,2018년 7월 1일 08시,일요일,경상북도 군위군 군위읍,사망사고,1,1,0,0,차량단독 - 공작물충돌,안전운전불이행,젖음/습기,비,단일로 - 기타,화물,남,37세,사망,,,,
2018070400100465,2018년 7월 4일 18시,수요일,대구광역시 북구 금호동,경상사고,0,0,1,0,차대차 - 측면충돌,안전거리미확보,건조,맑음,단일로 - 기타,화물,남,29세,상해없음,승용,여,55세,경상
2018070700100477,2018년 7월 7일 18시,토요일,강원도 원주시 호저면,경상사고,0,0,1,0,차대차 - 측면충돌,안전운전불이행,건조,맑음,단일로 - 기타,승용,남,67세,상해없음,승용,남,50세,경상
2018071000100195,2018년 7월 10일 11시,화요일,경상남도 김해시 대동면,경상사고,0,0,1,0,차대차 - 추돌,안전운전불이행,건조,맑음,단일로 - 기타,승용,남,61세,상해없음,승용,남,68세,경상
2018071000100314,2018년 7월 10일 15시,화요일,강원도 홍천군 북방면,중상사고,0,1,0,0,차대차 - 기타,안전운전불이행,건조,맑음,기타 - 기타,승용,여,50세,상해없음,승용,여,23세,중상
2018071500100410,2018년 7월 15일 20시,일요일,경상북도 칠곡군 가산면,경상사고,0,0,3,0,차대차 - 추돌,안전운전불이행,건조,맑음,단일로 - 기타,승용,남,65세,상해없음,승용,남,37세,경상
2018071600100326,2018년 7월 16일 14시,월요일,대구광역시 북구 태전동,중상사고,0,2,0,0,차대차 - 측면충돌,안전운전불이행,건조,맑음,단일로 - 기타,승용,남,25세,상해없음,승용,남,54세,중상
2018071700100157,2018년 7월 17일 09시,화요일,부산광역시 강서구 대저1동,중상사고,0,1,0,0,차대차 - 추돌,안전운전불이행,건조,맑음,단일로 - 기타,승합,남,47세,상해없음,승용,남,33세,중상
2018072000100218,2018년 7월 20일 10시,금요일,대구광역시 북구 금호동,중상사고,0,1,1,0,차대차 - 기타,안전운전불이행,건조,맑음,단일로 - 교량,승용,남,58세,중상,화물,남,35세,경상
2018072000100409,2018년 7월 20일 15시,금요일,강원도 원주시 신림면,경상사고,0,0,1,0,차대차 - 기타,안전운전불이행,건조,맑음,기타 - 기타,승용,남,49세,상해없음,화물,남,33세,경상
2018072300100545,2018년 7월 23일 20시,월요일,경상남도 김해시 대동면,중상사고,0,1,0,0,차대차 - 측면충돌,안전거리미확보,건조,맑음,단일로 - 기타,화물,남,59세,상해없음,승용,남,55세,중상
2018072900100242,2018년 7월 29일 14시,일요일,경상북도 안동시 일직면,경상사고,0,0,3,0,차대차 - 기타,안전운전불이행,건조,맑음,단일로 - 기타,승용,남,54세,상해없음,승용,여,53세,경상
2018080100100030,2018년 8월 1일 01시,수요일,경상북도 안동시 일직면,중상사고,0,1,0,0,차대차 - 추돌,안전운전불이행,건조,맑음,단일로 - 기타,화물,남,39세,상해없음,화물,남,52세,중상
2018080100100612,2018년 8월 1일 21시,수요일,대구광역시 수성구 시지동,중상사고,0,1,0,0,차대차 - 기타,안전운전불이행,건조,맑음,단일로 - 기타,화물,남,55세,상해없음,승용,여,62세,중상
2018080200100078,2018년 8월 2일 06시,목요일,대구광역시 북구 읍내동,경상사고,0,0,1,0,차대차 - 기타,안전운전불이행,건조,맑음,단일로 - 기타,화물,남,57세,상해없음,승용,남,64세,경상
2018080500100007,2018년 8월 5일 00시,일요일,강원도 원주시 신림면,경상사고,0,0,1,0,차량단독 - 공작물충돌,안전운전불이행,건조,맑음,단일로 - 기타,승용,남,21세,경상,,,,
2018081200100320,2018년 8월 12일 17시,일요일,부산광역시 강서구 대저1동,중상사고,0,3,1,0,차대차 - 기타,안전거리미확보,건조,맑음,단일로 - 기타,화물,여,59세,상해없음,승용,여,48세,중상
2018081300100088,2018년 8월 13일 07시,월요일,경상북도 칠곡군 동명면,중상사고,0,2,2,0,차대차 - 기타,안전운전불이행,건조,맑음,단일로 - 기타,화물,남,63세,상해없음,화물,남,51세,경상
2018081400100429,2018년 8월 14일 17시,화요일,경상남도 김해시 대동면,경상사고,0,0,2,0,차대차 - 측면충돌,안전거리미확보,건조,맑음,단일로 - 기타,화물,남,51세,상해없음,승용,남,71세,경상
2018081800100591,2018년 8월 18일 21시,토요일,경상북도 의성군 봉양면,중상사고,0,1,0,0,차량단독 - 공작물충돌,안전운전불이행,건조,맑음,교차로 - 교차로안,화물,남,61세,중상,,,,
2018081900100415,2018년 8월 19일 19시,일요일,충청북도 제천시 금성면,경상사고,0,0,1,0,차대차 - 기타,안전운전불이행,건조,맑음,기타 - 기타,승용,여,38세,상해없음,승용,여,54세,경상
2018082100100516,2018년 8월 21일 18시,화요일,대구광역시 동구 용계동,경상사고,0,0,1,0,차대차 - 기타,안전운전불이행,건조,맑음,단일로 - 기타,화물,남,60세,상해없음,승용,남,39세,경상
2018082400100277,2018년 8월 24일 14시,금요일,충청북도 단양군 적성면,경상사고,0,0,3,0,차대차 - 기타,안전운전불이행,젖음/습기,비,기타 - 기타,승용,남,40세,상해없음,승용,남,45세,경상
2018082700100050,2018년 8월 27일 04시,월요일,강원도 원주시 관설동,중상사고,0,2,0,0,차대차 - 기타,안전운전불이행,젖음/습기,비,기타 - 기타,화물,남,65세,상해없음,승용,여,45세,상해없음
2018090300100023,2018년 9월 3일 04시,월요일,충청북도 제천시 금성면,중상사고,0,1,1,0,차대차 - 추돌,안전운전불이행,건조,흐림,단일로 - 기타,특수,남,43세,중상,건설기계,남,49세,경상
2018090300100278,2018년 9월 3일 13시,월요일,경상남도 김해시 대동면,중상사고,0,1,1,0,차대차 - 추돌,안전운전불이행,건조,맑음,단일로 - 기타,특수,남,57세,상해없음,화물,남,39세,경상
2018090500100400,2018년 9월 5일 16시,수요일,강원도 원주시 호저면,사망사고,1,0,0,0,차량단독 - 공작물충돌,기타,건조,맑음,단일로 - 기타,화물,남,59세,사망,,,,
2018090800100617,2018년 9월 8일 21시,토요일,충청북도 단양군 단성면,경상사고,0,0,3,0,차대차 - 추돌,안전거리미확보,건조,맑음,기타 - 기타,승용,남,44세,상해없음,승용,남,31세,경상
2018091100100284,2018년 9월 11일 13시,화요일,대구광역시 수성구 가천동,경상사고,0,0,1,0,차대차 - 기타,안전운전불이행,건조,맑음,단일로 - 기타,화물,남,68세,상해없음,화물,남,40세,경상
2018091300100314,2018년 9월 13일 14시,목요일,충청북도 단양군 대강면,중상사고,0,1,1,0,차대차 - 기타,안전운전불이행,건조,맑음,단일로 - 터널,승용,남,43세,중상,승합,남,53세,경상
2018092100100100,2018년 9월 21일 06시,금요일,강원도 춘천시 동내면,중상사고,0,1,0,0,차대차 - 추돌,안전운전불이행,젖음/습기,비,단일로 - 기타,화물,남,34세,중상,특수,남,63세,상해없음
2018092200100374,2018년 9월 22일 14시,토요일,경상북도 안동시 일직면,중상사고,0,1,0,0,차대차 - 측면충돌,안전거리미확보,건조,맑음,단일로 - 기타,승용,남,48세,상해없음,승용,남,41세,상해없음
2018092300100139,2018년 9월 23일 11시,일요일,강원도 춘천시 동산면,경상사고,0,0,1,0,차대차 - 정면충돌,중앙선침범,건조,맑음,단일로 - 기타,승용,남,26세,상해없음,승용,여,56세,경상
2018092300100144,2018년 9월 23일 11시,일요일,경상북도 의성군 안평면,경상사고,0,0,2,0,차대차 - 추돌,과속,건조,맑음,단일로 - 기타,화물,남,74세,상해없음,승용,남,31세,경상
2018092900100362,2018년 9월 29일 15시,토요일,대구광역시 북구 관음동,중상사고,0,3,0,0,차대차 - 기타,안전운전불이행,건조,맑음,단일로 - 기타,승용,남,57세,상해없음,승용,여,62세,중상
2018092900100502,2018년 9월 29일 19시,토요일,충청북도 제천시 봉양읍,중상사고,0,2,1,0,차대차 - 측면충돌,안전운전불이행,건조,맑음,단일로 - 기타,승용,남,74세,중상,승용,남,58세,경상
2018100100100288,2018년 10월 1일 13시,월요일,경상북도 군위군 군위읍,경상사고,0,0,2,0,차대차 - 추돌,안전운전불이행,건조,흐림,단일로 - 기타,화물,남,33세,상해없음,화물,남,54세,경상
2018100200100624,2018년 10월 2일 21시,화요일,강원도 홍천군 북방면,경상사고,0,0,4,0,차대차 - 추돌,안전거리미확보,건조,맑음,단일로 - 기타,승용,남,26세,상해없음,승용,남,31세,경상
2018100400100319,2018년 10월 4일 13시,목요일,충청북도 단양군 대강면,경상사고,0,0,1,0,차대차 - 추돌,안전거리미확보,건조,맑음,단일로 - 터널,승용,남,37세,상해없음,화물,남,35세,경상
2018100500100142,2018년 10월 5일 08시,금요일,경상북도 의성군 안평면,경상사고,0,0,1,0,차대차 - 추돌,안전운전불이행,젖음/습기,비,단일로 - 기타,승용,여,56세,상해없음,승용,남,51세,경상
2018100500100322,2018년 10월 5일 13시,금요일,강원도 원주시 무실동,경상사고,0,0,2,0,차대차 - 측면충돌,안전운전불이행,건조,맑음,단일로 - 기타,승용,남,38세,상해없음,승용,남,18세,경상
2018100500100330,2018년 10월 5일 13시,금요일,경상북도 의성군 안평면,중상사고,0,1,0,0,차대차 - 측면충돌,안전운전불이행,젖음/습기,비,단일로 - 기타,승용,남,55세,상해없음,승용,남,36세,중상
2018101200100310,2018년 10월 12일 13시,금요일,경상북도 안동시 일직면,경상사고,0,0,1,0,차대차 - 추돌,안전운전불이행,건조,맑음,단일로 - 기타,승용,남,33세,상해없음,승합,남,51세,경상
2018101200100365,2018년 10월 12일 15시,금요일,경상남도 김해시 대동면,경상사고,0,0,1,0,차대차 - 추돌,안전운전불이행,건조,맑음,단일로 - 기타,화물,남,56세,상해없음,화물,여,41세,경상
2018101200100534,2018년 10월 12일 18시,금요일,경상북도 칠곡군 가산면,경상사고,0,0,3,0,차대차 - 추돌,안전운전불이행,건조,맑음,단일로 - 기타,승용,남,36세,상해없음,승용,여,30세,상해없음
2018101300100419,2018년 10월 13일 16시,토요일,대구광역시 북구 금호동,경상사고,0,0,1,0,차대차 - 추돌,안전운전불이행,건조,맑음,단일로 - 터널,승용,남,40세,상해없음,승용,남,50세,경상
2018101800100247,2018년 10월 18일 12시,목요일,경상남도 김해시 대동면,중상사고,0,1,1,0,차대차 - 측면충돌,안전운전불이행,건조,맑음,단일로 - 기타,특수,남,39세,경상,승용,여,55세,중상
2018101900100535,2018년 10월 19일 17시,금요일,경상북도 칠곡군 동명면,경상사고,0,0,3,0,차대차 - 추돌,안전운전불이행,건조,맑음,단일로 - 기타,승용,여,36세,경상,승용,남,41세,경상
2018102200100241,2018년 10월 22일 12시,월요일,경상북도 의성군 봉양면,중상사고,0,4,2,1,차대차 - 추돌,안전운전불이행,건조,맑음,단일로 - 기타,화물,남,62세,상해없음,승용,여,60세,중상
2018102600100298,2018년 10월 26일 14시,금요일,충청북도 단양군 적성면,사망사고,1,0,0,0,차대차 - 추돌,안전운전불이행,젖음/습기,비,기타 - 기타,승용,여,58세,사망,화물,남,44세,상해없음
2018102600100555,2018년 10월 26일 19시,금요일,강원도 원주시 호저면,중상사고,0,1,0,0,차대차 - 기타,안전운전불이행,기타,안개,단일로 - 기타,승용,여,36세,상해없음,승용,여,66세,중상
2018110100100058,2018년 11월 1일 06시,목요일,강원도 횡성군 횡성읍,경상사고,0,0,1,0,차대차 - 기타,안전거리미확보,건조,흐림,단일로 - 기타,승용,남,40세,상해없음,화물,남,61세,경상
2018110700100268,2018년 11월 7일 12시,수요일,경상북도 칠곡군 동명면,경상사고,0,0,1,0,차대차 - 측면충돌,안전거리미확보,건조,맑음,단일로 - 기타,승용,여,39세,경상,특수,남,36세,상해없음
2018110700100421,2018년 11월 7일 17시,수요일,부산광역시 강서구 대저2동,중상사고,0,1,0,0,차대차 - 측면충돌,안전운전불이행,건조,맑음,단일로 - 기타,특수,남,50세,상해없음,승용,여,38세,중상
2018111100100272,2018년 11월 11일 16시,일요일,경상북도 칠곡군 동명면,경상사고,0,0,2,0,차대차 - 추돌,안전거리미확보,건조,흐림,단일로 - 기타,화물,남,58세,상해없음,승용,남,56세,경상
2018111200100069,2018년 11월 12일 07시,월요일,부산광역시 강서구 대저2동,중상사고,0,1,1,1,차대차 - 추돌,안전운전불이행,젖음/습기,비,단일로 - 기타,승용,남,26세,부상신고,승용,남,29세,경상